,displ,year,cyl,cty,hwy
count,234.0,234.0,234.0,234.0,234.0
mean,3.4717948717948723,2003.5,5.888888888888889,16.858974358974358,23.44017094017094
std,1.2919590310839348,4.50964631332044,1.611534484684289,4.255945678889395,5.9546434411664455
min,1.6,1999.0,4.0,9.0,12.0
25%,2.4,1999.0,4.0,14.0,18.0
50%,3.3,2003.5,6.0,17.0,24.0
75%,4.6,2008.0,8.0,19.0,27.0
max,7.0,2008.0,8.0,35.0,44.0
